{
  "version": 2,
  "jailOnNextLogin": false,
  "invulnerable": false,
  "kitLastUsedTime": {
    "online": 1706186762,
    "tools": 1705999326
  },
  "vanish": false,
  "fly": false,
  "lastKnownName": "lilHAHA",
  "lastLogin": 1706186762557,
  "lastLogout": 1706187773549,
  "lastIP": "/118.68.190.87",
  "firstJoin": 1705999326312,
  "startedFirstJoin": false,
  "isFrozen": false,
  "lastLocation": {
    "x": 12292.267653586274,
    "y": 73.33925179966053,
    "z": -20499.212681453442,
    "rotx": 0.0,
    "roty": 0.0,
    "rotz": 0.0,
    "world": "9790f966-1c8f-4004-9ad1-a03c72e1843c"
  },
  "homes": {
    "home": {
      "x": -711.0497213282501,
      "y": 71.0,
      "z": 1692.918532780611,
      "rotx": 15.000297546386719,
      "roty": 43.85284423828125,
      "rotz": 0.0,
      "world": "9790f966-1c8f-4004-9ad1-a03c72e1843c"
    }
  },
  "notes": [],
  "mail": [],
  "warnings": [],
  "ignoreList": []
}
