{
  "version": 2,
  "vanish": false,
  "warnings": [],
  "notes": [],
  "jailOnNextLogin": false,
  "kitLastUsedTime": {
    "online": 1706072032,
    "tools": 1706018173
  },
  "fly": false,
  "invulnerable": false,
  "lastKnownName": "LILLIL",
  "lastLogin": 1706072032835,
  "lastLogout": 1706073090776,
  "lastIP": "/116.100.114.30",
  "firstJoin": 1706018173732,
  "startedFirstJoin": false,
  "isFrozen": false,
  "mail": [],
  "ignoreList": [],
  "lastLocation": {
    "x": -474.1405314111148,
    "y": 68.0,
    "z": 1371.5971091356769,
    "rotx": 0.0,
    "roty": 0.0,
    "rotz": 0.0,
    "world": "9790f966-1c8f-4004-9ad1-a03c72e1843c"
  },
  "homes": {
    "home": {
      "x": -20430.482402656544,
      "y": 68.0,
      "z": -16711.826050804324,
      "rotx": 31.500022888183594,
      "roty": 129.6005859375,
      "rotz": 0.0,
      "world": "9790f966-1c8f-4004-9ad1-a03c72e1843c"
    }
  }
}
