{
  "version": 2,
  "vanish": false,
  "warnings": [],
  "notes": [],
  "jailOnNextLogin": false,
  "kitLastUsedTime": {
    "online": 1706073299,
    "tools": 1706025269
  },
  "fly": false,
  "invulnerable": false,
  "lastKnownName": "vux",
  "lastLogin": 1706073299777,
  "lastLogout": 1706074427454,
  "lastIP": "/116.100.114.30",
  "firstJoin": 1706025269585,
  "startedFirstJoin": false,
  "isFrozen": false,
  "mail": [],
  "ignoreList": [],
  "lastLocation": {
    "x": 5666.750397732737,
    "y": 77.0,
    "z": -406.5490379276973,
    "rotx": 0.0,
    "roty": 0.0,
    "rotz": 0.0,
    "world": "9790f966-1c8f-4004-9ad1-a03c72e1843c"
  }
}
