{
  "version": 2,
  "vanish": false,
  "jailOnNextLogin": false,
  "kitLastUsedTime": {
    "online": 1706406102,
    "tools": 1706025269
  },
  "fly": false,
  "invulnerable": false,
  "lastKnownName": "vux",
  "lastLogin": 1706406102535,
  "lastLogout": 1706414787438,
  "lastIP": "/116.100.117.28",
  "firstJoin": 1706025269585,
  "startedFirstJoin": false,
  "isFrozen": false,
  "lastLocation": {
    "x": -950.9378604419445,
    "y": 4.0,
    "z": -843.3949509345042,
    "rotx": 0.0,
    "roty": 0.0,
    "rotz": 0.0,
    "world": "166bd834-82b0-4ca7-94b5-319d5cde8a4d"
  },
  "warnings": [],
  "mail": [],
  "notes": [],
  "ignoreList": []
}
