{
  "version": 2,
  "fly": false,
  "vanish": false,
  "isFrozen": false,
  "jailOnNextLogin": false,
  "invulnerable": false,
  "lastKnownName": "atai",
  "lastLogin": 1706075631797,
  "lastLogout": 1706075743322,
  "lastIP": "/116.108.2.145",
  "firstJoin": 1705592063178,
  "startedFirstJoin": false,
  "lastLocation": {
    "x": 214.7336174016126,
    "y": 100.37335169963865,
    "z": 284.86518010628197,
    "rotx": 0.0,
    "roty": 0.0,
    "rotz": 0.0,
    "world": "9790f966-1c8f-4004-9ad1-a03c72e1843c"
  },
  "kitLastUsedTime": {
    "online": 1706075632
  },
  "mail": [],
  "warnings": [],
  "notes": []
}
