{
  "version": 2,
  "vanish": false,
  "jailOnNextLogin": false,
  "kitLastUsedTime": {
    "online": 1706186637,
    "tools": 1706017722
  },
  "fly": false,
  "invulnerable": false,
  "lastKnownName": "NAMHOA1",
  "lastLogin": 1706186637183,
  "lastLogout": 1706187773517,
  "lastIP": "/14.226.183.245",
  "firstJoin": 1706017722290,
  "startedFirstJoin": false,
  "isFrozen": false,
  "homes": {
    "home": {
      "x": 1481.7990188744768,
      "y": 13.0,
      "z": 27769.54533005854,
      "rotx": 24.60003662109375,
      "roty": -276.148681640625,
      "rotz": 0.0,
      "world": "9790f966-1c8f-4004-9ad1-a03c72e1843c"
    }
  },
  "lastLocation": {
    "x": -773.6000055159313,
    "y": 4.0,
    "z": -812.4749966825227,
    "rotx": 0.0,
    "roty": 0.0,
    "rotz": 0.0,
    "world": "166bd834-82b0-4ca7-94b5-319d5cde8a4d"
  },
  "notes": [],
  "mail": [],
  "warnings": [],
  "ignoreList": []
}
